﻿Designator,Footprint,Quantity,Value,LCSC Part #
C1,0805,1,1u,
C10,1206,1,4.7u,
"C11, C12, C6, C7",C_Radial_D10.0mm_H20.0mm_P5.00mm,4,100u,
"C2, C3, C4, C5",1206,4,22u,
C8,1206,1,6.8n,
C9,1206,1,47p,
D1,D_SMB,1,SMBJ24,
D2,D_SOD-128,1,RB055LAM-60,
J1,PinHeader_1x02_P2.54mm_Vertical,1,12 vin,
"J10, J5, J9",PinHeader_1x02_P2.54mm_Vertical,3,opamp power,
"J11, J6, J8",PinHeader_1x02_P2.54mm_Vertical,3,I OUT 2,
J12,PinHeader_1x02_P2.54mm_Vertical,1,I IN,
J13,PinHeader_1x02_P2.54mm_Vertical,1,15V IN,
J14,PinHeader_1x02_P2.54mm_Vertical,1,I OUT,
"J15, J16, J4",PinHeader_1x02_P2.54mm_Vertical,3,I IN 2,
"J17, J18","TerminalBlock_Phoenix_MKDS-1,5-2-5.08_1x02_P5.08mm_Horizontal",2,Screw_Terminal_01x02,
J2,PinSocket_1x03_P2.54mm_Vertical,1,potentiometer,
J3,PinHeader_1x02_P2.54mm_Vertical,1,OUT PWM,
J7,PinHeader_1x02_P2.54mm_Vertical,1,for jumper,
L1,L_Bourns_SRP1770TA_16.9x16.9mm,1,SRP1770TA-150M,
Q1,SO8_IRF7805_INF,1,IRF7805ZTRPBF,
"R1, R2",0805,2,33k,
"R10, R12, R5",0805,3,100,
"R11, R13, R14, R6",R_Axial_DIN0204_L3.6mm_D1.6mm_P5.08mm_Horizontal,4,0.1,
R15,0805,1,8000,
"R16, R21",0805,2,100k,
R17,0805,1,510k,
R18,0805,1,110k,
R19,0805,1,22k,
R20,0805,1,3.8Meg,
R3,0805,1,10k,
R4,R_Axial_DIN0411_L9.9mm_D3.6mm_P15.24mm_Horizontal,1,1k,
"R7, R8, R9",0805,3,15k,
U1,SOT-23-6,1,ADA4807-1,
"U2, U5, U7",TSOT-23-5,3,AD8603,
"U3, U4, U6",MSOP-8_3x3mm_P0.65mm,3,AD8212,
U8,RM_8_ADI,1,AD8227ARZ,
U9,MSOP-10_MS_LIT,1,LTC1871EMS-PBF,
